"","X2004.Donation","X2005.Donation","X2006.Donation","X2007.Donation","X2008.Donation","X2009.Donation","X2010.Donation","X2011.Donation","X2012.Donation","X2013.Donation","X2014.Donation","KmeansClustering.cluster"
"1",300,2200,300,250,250,100,0,0,0,0,0,2
"2",0,0,100,100,100,100,100,100,0,0,0,3
"5",0,0,15,100,100,0,25,25,0,100,100,3
"8",30,35,50,50,55,51,55,60,65,75,80,3
"9",250,0,0,0,0,0,0,0,0,0,0,3
"12",0,0,10,15,20,25,25,25,0,0,0,3
"15",0,100,115,50,120,100,25,25,25,0,0,3
"18",0,0,0,0,0,0,25,50,0,0,0,3
"20",250,250,250,15,20,0,0,0,0,0,0,3
"21",0,0,15,15,70,25,25,0,25,30,0,3
"23",50,50,100,200,250,250,275,350,350,350,590,2
"24",0,0,0,25,25,25,25,25,25,30,30,3
"25",0,100,0,0,0,25,0,0,0,0,0,3
"27",0,0,0,0,50,0,0,0,0,0,0,3
"29",200,100,15,100,100,100,100,100,100,130,0,3
"31",100,100,100,100,50,50,100,100,100,100,100,3
"32",100,100,100,100,100,100,0,100,100,0,0,3
"33",50,0,0,0,100,0,0,0,0,0,0,3
"35",0,0,0,0,70,0,0,0,0,0,0,3
"36",250,0,0,0,0,0,0,0,0,0,0,3
"39",0,0,0,0,0,0,0,0,0,0,350,3
"40",0,50,50,50,0,50,50,50,50,50,35,3
"41",100,100,100,100,100,100,100,100,100,100,100,3
"42",0,100,100,100,0,100,50,50,100,100,100,3
"44",0,0,100,100,100,0,0,0,0,0,0,3
"45",0,0,8,6,0,0,0,0,0,0,0,3
"50",0,2,15,65,20,0,0,25,0,0,0,3
"52",0,0,0,0,50,50,50,100,50,0,50,3
"56",0,0,0,50,30,0,0,0,25,0,0,3
"57",250,0,250,250,300,500,500,500,500,0,0,2
"58",50,50,50,50,50,50,50,50,50,50,50,3
"59",0,26,15,55,25,25,50,31,108,30,30,3
"61",50,50,15,15,28,15,0,0,0,0,0,3
"65",0,0,0,12,0,0,0,0,0,0,0,3
"66",30,16,35,25,25,35,50,25,25,0,0,3
"68",50,0,25,65,95,125,0,0,200,0,0,3
"72",0,300,100,100,100,0,100,100,100,100,100,3
"76",100,100,100,100,0,0,0,0,0,0,0,3
"89",0,0,0,0,0,50,0,0,0,25,0,3
"102",100,100,150,200,250,250,250,250,250,250,250,2
"103",0,0,0,0,0,0,0,0,25,25,0,3
"105",0,50,75,75,75,75,100,100,100,100,100,3
"106",0,0,0,0,0,0,0,0,0,0,0,3
"108",0,0,0,0,0,0,0,0,0,20,20,3
"111",250,250,500,0,0,0,0,0,250,300,0,3
"113",0,0,0,0,0,0,0,0,0,0,25,3
"125",0,0,0,0,0,0,0,0,0,0,0,3
"129",0,0,0,50,50,50,50,50,75,75,75,3
"136",0,0,0,0,0,0,0,0,0,0,33,3
"143",50,0,0,0,0,0,0,0,0,0,0,3
"145",0,0,0,0,0,0,0,0,0,200,0,3
"147",50,50,50,50,50,0,25,25,50,50,50,3
"152",0,0,0,0,0,0,0,0,50,75,75,3
"155",130,130,140,0,0,0,0,0,0,0,0,3
"180",0,50,50,100,100,0,100,100,150,100,150,3
"181",50,250,100,100,125,150,150,150,200,0,150,3
"184",250,0,0,0,0,0,0,0,0,0,0,3
"185",50,50,0,100,0,100,250,350,200,250,100,3
"186",50,0,0,20,20,0,0,0,0,0,0,3
"187",0,0,0,0,250,250,250,250,0,0,0,3
"188",0,200,250,0,0,0,0,0,0,0,0,3
"189",0,0,0,250,0,500,250,300,250,250,2250,1
"190",0,50,0,0,50,0,50,0,50,0,50,3
"191",50,50,50,50,50,50,50,50,50,100,100,3
"192",525,525,600,525,525,600,0,0,0,0,0,2
"193",0,0,0,0,50,50,100,50,100,100,100,3
"194",0,0,0,250,0,0,0,0,0,0,0,3
"195",0,100,0,0,0,0,0,0,0,0,0,3
"196",25,200,15,15,20,25,25,0,0,0,0,3
"197",10,0,0,0,0,0,0,0,0,0,0,3
"198",233,200,250,100,120,125,100,125,100,0,100,2
"199",0,0,25,100,100,0,100,0,100,100,100,3
"200",0,100,0,0,0,0,0,0,0,0,0,3
"201",50,0,0,0,0,0,0,0,0,0,0,3
"202",0,0,25,80,50,50,0,0,0,0,0,3
"203",100,100,100,100,200,200,400,100,100,100,100,2
"204",0,0,50,50,50,50,50,0,0,0,0,3
"205",75,100,0,0,0,0,0,0,0,0,0,3
"206",100,0,0,15,0,0,0,0,0,0,0,3
"207",150,150,0,125,0,0,25,0,0,0,0,3
"208",500,0,0,0,0,0,0,0,0,0,0,3
"209",0,50,75,75,0,0,0,0,0,0,0,3
"210",0,100,75,100,0,125,100,75,25,150,100,3
"211",50,50,50,50,50,50,0,0,0,0,0,3
"212",50,100,15,16,0,0,0,0,0,0,0,3
"213",50,50,50,50,0,0,0,0,0,0,0,3
"214",0,0,0,25,0,0,0,0,0,0,0,3
"215",35,100,0,50,50,0,0,0,0,0,0,3
"216",0,0,0,0,20,20,0,0,25,0,0,3
"217",0,25,50,50,50,0,0,50,30,30,0,3
"218",0,0,50,0,0,0,0,0,0,0,0,3
"219",0,100,100,100,100,100,50,50,0,0,75,3
"220",0,50,0,0,0,0,0,0,0,0,0,3
"221",50,0,0,0,0,0,0,0,0,0,0,3
"222",50,50,50,50,50,50,50,50,50,50,0,3
"223",0,250,0,0,0,0,0,0,0,0,0,3
"224",0,50,75,100,100,100,100,108,125,0,0,3
"225",0,100,100,100,250,250,250,500,500,500,500,1
"226",100,0,0,0,0,0,0,0,0,0,0,3
"227",0,300,50,250,100,100,100,100,100,50,50,3
"228",0,50,50,50,50,50,50,50,0,100,75,3
"229",100,50,100,0,0,1000,500,250,0,1000,250,2
"230",100,100,100,100,100,0,100,100,100,100,100,3
"231",400,200,0,225,300,0,0,0,0,0,0,3
"232",0,300,0,0,100,50,150,50,55,55,50,3
"233",50,0,0,0,0,0,0,0,0,0,0,3
"234",100,0,0,0,0,0,0,0,0,0,0,3
"235",0,60,0,0,0,0,0,0,0,0,0,3
"236",0,60,0,0,0,0,0,0,0,0,0,3
"237",0,0,250,250,0,250,250,250,250,250,250,2
"238",100,100,100,100,100,100,100,100,100,105,100,3
"239",0,1250,1500,0,0,0,0,0,0,0,0,2
"240",500,500,500,500,500,0,0,0,0,0,0,2
"241",50,0,0,0,0,0,0,0,0,0,0,3
"242",0,100,0,0,0,0,0,0,0,0,0,3
"244",66,50,65,50,0,0,0,0,0,0,0,3
"245",100,100,0,0,150,100,100,25,100,0,0,3
"246",0,0,200,0,0,0,0,0,0,0,0,3
"247",0,50,65,0,0,0,0,0,0,0,0,3
"248",150,150,100,100,0,0,0,0,0,0,0,3
"249",141,0,0,0,50,0,100,100,0,0,0,3
"250",0,50,50,56,66,75,50,50,0,0,0,3
"252",50,0,50,75,100,100,200,250,100,100,100,3
"253",0,0,15,100,100,100,100,100,100,100,100,3
"254",100,0,100,0,100,0,0,0,0,0,0,3
"255",0,0,0,0,50,50,0,50,60,0,50,3
"256",100,100,100,0,0,0,0,0,0,50,0,3
"257",100,100,100,100,100,0,0,0,0,0,0,3
"259",0,400,0,0,0,0,0,0,0,0,0,3
"260",0,50,25,25,25,20,0,50,25,25,25,3
"262",0,0,15,58,0,0,0,0,0,0,0,3
"263",0,50,0,0,50,0,0,50,0,0,0,3
"264",50,50,50,0,0,0,0,0,0,0,0,3
"265",0,50,50,0,0,0,0,0,0,0,0,3
"267",0,0,150,0,0,0,0,0,0,0,0,3
"268",0,0,0,15,45,75,75,50,75,75,75,3
"269",0,0,0,0,0,250,0,0,0,0,0,3
"270",0,50,0,0,50,50,0,0,0,0,0,3
"271",50,0,0,0,50,0,0,0,0,0,0,3
"272",0,0,0,10,0,0,0,0,0,0,0,3
"273",50,50,100,100,100,50,50,100,100,100,100,3
"274",0,0,0,150,0,0,0,0,0,0,0,3
"275",0,0,15,15,70,100,102,100,100,0,350,3
"276",600,0,200,200,0,600,600,0,0,250,0,2
"277",0,0,0,100,100,0,0,0,0,0,0,3
"278",0,100,50,50,50,50,0,50,0,0,0,3
"279",0,0,0,0,100,0,25,25,0,0,0,3
"280",0,0,100,0,0,0,0,0,0,0,0,3
"282",0,0,50,0,0,0,0,0,0,0,0,3
"283",250,250,250,250,260,270,280,280,300,0,0,2
"284",250,100,50,100,100,100,250,250,250,50,100,2
"285",20,30,0,65,20,25,25,50,0,30,0,3
"286",0,0,115,200,100,0,0,0,0,0,50,3
"287",0,0,100,0,0,0,0,0,0,0,0,3
"288",0,0,0,100,0,0,0,0,0,0,0,3
"289",0,0,0,100,0,0,0,0,0,0,0,3
"290",126,100,150,0,0,0,0,0,0,0,0,3
"291",0,0,15,40,50,0,0,0,0,0,0,3
"292",0,0,0,15,0,0,0,0,0,0,0,3
"293",100,0,0,0,0,0,0,0,0,0,0,3
"294",25,0,0,0,0,0,75,0,0,0,60,3
"295",0,0,0,200,0,0,0,100,200,200,100,3
"296",0,0,0,100,120,0,0,0,0,0,0,3
"297",50,25,100,50,50,50,50,50,75,25,75,3
"298",26,81,115,149,170,175,200,175,100,30,0,2
"299",0,0,0,50,100,100,100,100,0,0,0,3
"300",0,0,0,11,0,0,10,0,0,0,0,3
"302",50,50,50,50,50,25,25,50,0,0,30,3
"303",0,0,0,0,50,50,0,0,0,0,0,3
"304",250,250,250,250,250,250,250,250,250,250,250,2
"306",0,0,500,375,500,0,0,0,0,0,0,2
"307",60,60,50,50,50,50,50,50,50,50,50,3
"308",100,0,0,0,0,0,0,0,0,0,0,3
"309",0,0,0,0,50,1,0,0,0,0,0,3
"311",100,225,100,100,0,100,100,50,75,0,125,3
"312",50,0,0,0,0,0,0,0,0,0,0,3
"313",100,100,100,115,125,100,100,100,0,100,0,3
"314",0,0,0,15,20,22,25,0,10,10,0,3
"315",0,50,0,0,0,0,0,0,0,0,0,3
"318",0,0,50,100,0,0,50,0,50,0,0,3
"319",50,0,0,0,0,0,0,0,0,0,0,3
"320",0,0,50,50,0,0,0,0,0,0,0,3
"321",0,0,100,0,0,0,0,0,0,0,0,3
"322",0,0,15,20,20,0,0,0,0,0,0,3
"323",0,0,0,200,200,100,100,50,0,0,0,3
"324",0,0,50,50,0,0,0,0,0,0,0,3
"326",100,100,150,100,100,100,100,0,200,200,200,3
"327",250,0,0,0,0,0,0,0,0,0,0,3
"328",250,0,0,0,0,0,0,0,0,0,0,3
"329",0,0,0,0,50,50,0,50,50,0,0,3
"330",0,100,175,200,100,100,100,100,100,0,0,3
"331",0,200,0,0,0,0,0,0,0,0,0,3
"332",0,250,250,250,0,250,0,0,0,0,500,3
"333",0,0,0,500,0,100,0,0,0,0,0,3
"334",0,0,0,100,0,0,0,0,0,0,0,3
"335",250,250,250,300,350,375,400,400,400,400,400,2
"336",0,0,15,50,100,0,0,0,0,0,0,3
"337",50,50,50,50,0,50,50,100,0,100,0,3
"338",0,25,0,0,0,0,0,0,0,0,0,3
"339",0,30,15,100,125,50,50,75,48,50,100,3
"340",250,0,0,0,0,0,0,0,0,0,0,3
"341",0,0,0,15,18,8,25,25,0,0,0,3
"342",5,38,25,31,50,25,29,50,50,85,50,3
"343",0,30,0,0,0,0,0,0,0,0,0,3
"344",100,0,0,0,0,0,0,0,0,0,0,3
"345",25,25,0,0,0,0,0,0,0,0,0,3
"347",50,0,100,50,0,0,0,0,0,0,0,3
"348",50,0,50,50,0,0,0,0,0,0,0,3
"349",250,300,75,0,0,0,0,0,0,0,0,3
"350",0,0,0,0,100,0,0,0,0,0,0,3
"351",0,0,0,0,35,35,35,40,0,0,0,3
"353",2250,0,0,0,35,145,0,0,0,100,140,2
"355",100,0,100,120,125,150,150,150,100,200,250,3
"356",21,0,0,0,0,0,25,0,25,0,0,3
"357",250,0,0,0,0,0,0,0,0,0,0,3
"358",0,0,12,20,25,0,25,25,25,25,25,3
"359",0,50,50,50,50,50,0,50,0,100,100,3
"360",0,0,0,100,100,0,0,150,1500,1800,0,1
"361",0,0,15,15,0,25,50,25,25,0,0,3
"362",0,100,0,0,0,0,0,0,0,0,0,3
"363",0,0,0,0,100,0,0,0,0,0,0,3
"364",100,100,200,100,100,100,125,150,150,200,250,3
"365",0,0,0,100,0,100,100,100,100,0,100,3
"366",0,0,50,0,0,0,0,0,0,0,0,3
"367",25,0,0,0,0,0,0,0,0,0,0,3
"368",100,200,100,250,500,500,250,250,250,250,250,2
"369",0,0,100,100,0,100,100,100,100,150,175,3
"370",400,0,0,0,0,0,0,0,0,0,0,3
"371",0,50,15,70,25,31,50,55,50,0,0,3
"372",0,0,0,90,100,50,0,50,100,100,100,3
"373",100,100,50,100,100,100,100,100,100,100,250,3
"375",138,188,115,166,120,100,125,275,100,30,1500,2
"377",75,75,100,60,75,100,100,120,100,50,0,3
"378",100,100,0,0,0,0,0,0,0,0,0,3
"379",0,0,0,15,20,25,39,0,0,0,0,3
"380",0,50,0,0,0,0,0,0,0,0,0,3
"381",0,0,100,100,125,150,200,250,300,500,1000,1
"382",50,50,50,50,50,25,0,0,0,0,0,3
"383",300,100,100,0,0,0,0,0,0,50,0,3
"384",0,25,0,0,0,0,0,0,0,0,0,3
"385",0,0,50,0,0,0,0,0,0,0,0,3
"386",250,0,0,0,0,0,0,0,0,0,0,3
"387",0,0,250,0,0,250,0,0,0,250,250,3
"388",0,0,0,100,100,100,100,100,100,0,0,3
"389",0,25,0,0,0,0,0,0,0,0,0,3
"390",0,50,0,0,0,0,0,0,0,0,0,3
"391",10,10,15,15,20,20,0,0,0,0,0,3
"393",0,0,50,0,0,0,0,0,0,0,0,3
"394",10,10,10,10,20,10,10,20,10,20,10,3
"395",0,1500,0,0,0,0,0,0,0,0,0,3
"396",0,0,0,16,0,0,19,0,0,0,0,3
"397",50,50,50,50,50,50,100,100,100,100,100,3
"398",0,0,40,40,50,51,50,50,100,100,100,3
"400",0,50,100,100,100,0,0,0,0,0,0,3
"401",0,0,0,15,0,0,0,0,0,0,0,3
"402",25,0,0,0,0,0,0,0,0,0,0,3
"403",100,0,0,0,0,0,44,0,0,0,0,3
"404",250,0,0,0,0,0,0,0,0,0,0,3
"405",0,0,15,15,0,50,50,50,0,0,0,3
"406",50,50,50,50,20,0,0,0,0,0,0,3
"407",0,0,250,300,300,200,0,250,0,0,0,2
"408",0,16,30,22,20,50,50,50,100,120,100,3
"409",0,0,0,15,20,0,25,0,0,0,0,3
"410",0,0,0,10,20,0,0,0,0,0,0,3
"411",0,0,15,25,35,25,0,25,25,0,0,3
"412",0,0,0,15,0,0,0,0,0,0,0,3
"414",100,100,100,100,0,0,0,0,0,0,0,3
"415",0,50,50,0,0,0,0,0,0,0,0,3
"416",0,0,0,0,20,25,25,50,25,30,30,3
"417",9,0,0,0,0,0,0,0,0,0,0,3
"418",0,0,15,15,120,125,125,125,125,130,130,3
"419",0,0,100,0,0,0,0,0,0,0,0,3
"420",0,0,0,25,0,0,0,0,0,0,0,3
"421",10,0,0,0,0,0,0,0,0,0,0,3
"422",0,100,0,0,0,0,0,0,0,0,0,3
"423",0,0,0,8,0,0,0,0,0,0,0,3
"424",0,0,100,0,0,0,0,0,0,0,0,3
"425",50,50,0,0,0,0,0,0,0,0,0,3
"426",0,0,75,0,0,0,0,0,0,0,0,3
"427",26,0,0,0,0,0,0,0,0,0,0,3
"428",0,9,0,0,0,0,0,0,0,0,0,3
"429",25,0,0,15,20,25,0,0,0,0,0,3
"430",56,50,15,0,0,0,0,0,0,0,0,3
"431",25,50,0,0,0,0,0,0,0,0,0,3
"432",0,0,15,15,0,25,25,0,0,0,0,3
"433",6,0,0,0,0,0,0,0,0,0,0,3
"434",10,0,0,0,0,0,0,0,0,0,0,3
"435",100,0,0,0,0,0,0,0,0,0,0,3
"436",0,0,10,10,0,0,0,0,0,0,0,3
"437",0,20,10,0,0,0,0,0,0,0,0,3
"438",25,0,0,0,0,0,0,0,0,0,0,3
"439",0,0,25,0,30,2,0,0,0,0,0,3
"442",21,26,15,15,70,95,100,25,25,30,0,3
"443",0,0,15,0,20,0,0,0,0,0,0,3
"444",0,0,0,15,20,0,0,25,0,0,0,3
"445",0,0,0,20,100,25,50,25,30,30,0,3
"446",0,0,0,10,0,0,0,0,0,16,0,3
"447",0,0,0,15,0,0,0,0,0,0,0,3
"448",0,0,0,14,0,0,0,0,0,0,0,3
"449",100,100,15,100,100,0,0,0,0,0,0,3
"450",0,0,0,10,0,0,0,0,0,0,0,3
"451",0,0,15,25,0,0,0,0,0,0,0,3
"452",0,0,0,0,50,0,0,0,0,0,0,3
"453",100,0,0,0,0,0,0,0,0,0,0,3
"454",0,0,16,28,100,67,100,0,126,75,0,3
"455",0,0,0,25,20,50,50,50,50,50,75,3
"456",0,0,0,100,0,0,0,0,0,0,0,3
"457",15,15,15,15,20,0,20,25,25,0,0,3
"458",0,0,0,100,100,25,150,0,500,0,0,3
"459",0,10,20,0,0,0,0,0,0,0,0,3
"460",0,0,15,15,0,0,0,0,0,0,0,3
"461",0,0,0,15,20,0,25,0,0,0,30,3
"462",0,0,100,0,100,0,0,0,0,0,0,3
"463",0,0,15,0,0,0,0,0,0,0,0,3
"464",156,0,0,0,0,0,0,0,0,0,0,3
"465",100,100,50,100,50,100,125,50,50,30,50,3
"466",30,70,0,15,10,25,0,0,0,0,0,3
"467",0,0,0,12,0,0,0,0,0,0,0,3
"468",0,0,5,0,0,0,0,0,0,0,0,3
"469",0,0,0,52,0,0,0,0,0,0,0,3
"471",0,10,0,0,0,0,0,0,0,0,0,3
"472",0,0,0,0,20,25,0,20,0,0,0,3
"473",0,50,50,0,0,0,0,100,100,100,100,3
"474",0,25,0,25,0,0,0,0,0,0,0,3
"475",50,0,0,0,0,2,0,0,0,0,0,3
"476",0,0,0,0,150,150,0,0,0,0,0,3
"477",50,50,50,0,0,0,0,0,0,0,0,3
"478",0,0,0,6,0,0,0,0,0,0,0,3
"479",0,0,0,0,100,0,0,0,0,0,0,3
"480",100,200,0,0,0,0,0,0,0,0,0,3
"481",10,0,0,0,0,0,0,0,0,0,0,3
"482",0,50,50,50,0,50,100,0,100,0,100,3
"483",0,0,0,50,0,0,0,0,0,0,0,3
"484",0,0,50,50,100,0,50,50,75,25,0,3
"487",10,25,0,15,55,25,25,0,25,30,0,3
"488",25,0,50,50,50,50,50,0,75,25,50,3
"489",0,0,0,50,0,0,0,0,0,0,0,3
"490",50,50,90,50,0,0,0,0,0,0,0,3
"491",50,50,50,50,50,50,50,50,0,50,50,3
"493",0,200,0,0,0,0,0,0,0,0,0,3
"494",100,100,100,100,0,0,100,100,0,0,0,3
"495",0,0,125,0,0,0,0,0,0,0,0,3
"496",0,0,0,15,20,0,0,0,75,30,0,3
"497",50,50,100,100,100,100,100,100,100,0,50,3
"498",100,0,100,100,100,100,0,100,100,0,0,3
"499",0,50,0,0,50,50,0,0,0,0,0,3
"500",500,500,500,500,0,0,0,0,0,0,0,2
"501",200,100,0,100,100,100,0,200,100,100,100,3
"502",0,25,50,100,50,50,50,50,0,0,0,3
"503",100,100,200,0,100,100,100,0,100,100,0,3
"504",0,0,0,15,20,0,0,0,25,0,0,3
"505",0,10,0,0,0,0,0,0,0,0,0,3
"506",0,0,0,15,0,0,0,0,0,0,0,3
"508",0,30,50,100,0,100,0,0,0,0,0,3
"510",50,50,50,75,75,100,350,0,0,0,0,3
"511",40,25,15,15,20,25,25,25,20,30,30,3
"512",0,100,75,80,86,25,25,0,0,0,0,3
"513",0,10,0,0,0,0,0,0,0,0,0,3
"514",50,0,0,0,0,0,0,0,0,0,0,3
"515",0,0,50,0,0,0,0,0,0,0,0,3
"516",0,0,0,100,100,100,100,100,0,0,0,3
"517",0,50,50,50,0,0,0,0,0,0,0,3
"518",0,0,6,0,0,0,0,0,0,0,0,3
"519",50,50,50,50,0,51,50,50,50,75,0,3
"520",16,16,0,0,0,0,0,0,0,0,0,3
"521",0,0,0,0,0,35,100,0,0,0,0,3
"522",0,0,0,50,0,0,0,0,0,0,0,3
"523",100,200,200,250,0,0,0,0,0,0,0,3
"524",0,0,0,150,0,0,0,0,0,0,0,3
"525",0,20,0,0,0,0,0,0,0,0,0,3
"526",100,100,100,100,100,100,100,100,100,100,100,3
"527",0,0,0,25,0,0,0,0,20,0,0,3
"528",100,0,0,0,0,0,0,0,0,0,0,3
"529",26,0,0,0,0,0,0,0,0,0,0,3
"530",0,250,0,0,0,0,0,0,0,0,0,3
"531",20,50,50,50,25,20,15,50,25,40,40,3
"532",250,100,265,300,20,0,0,0,0,0,0,3
"533",50,50,25,100,50,0,50,0,75,50,50,3
"535",0,400,0,0,0,0,0,0,0,0,0,3
"536",0,25,0,0,0,0,0,0,0,0,0,3
"537",100,0,0,0,0,0,0,0,0,0,0,3
"538",6,0,0,0,0,0,0,0,0,0,0,3
"539",35,0,15,0,0,20,0,0,0,0,0,3
"540",25,25,25,25,50,50,50,50,50,50,50,3
"541",25,50,25,25,25,25,25,25,25,25,25,3
"542",20,10,0,0,0,0,0,0,0,0,0,3
"543",50,0,0,0,0,0,0,0,0,0,0,3
"544",0,0,0,0,100,100,100,100,100,100,100,3
"545",100,100,100,108,125,125,125,125,125,150,0,3
"546",0,200,0,0,0,0,0,0,0,0,0,3
"547",0,0,0,100,100,50,0,0,0,0,0,3
"548",0,100,100,0,0,0,0,0,0,0,0,3
"550",100,100,100,100,106,0,0,0,0,0,0,3
"551",50,250,15,500,20,25,0,0,0,0,0,3
"552",0,0,50,50,75,0,0,0,0,0,0,3
"553",100,50,0,0,0,0,0,0,0,0,0,3
"554",0,0,15,10,20,0,25,0,0,0,0,3
"555",0,0,0,500,250,0,0,0,0,0,0,3
"556",25,0,0,0,0,0,0,0,0,0,0,3
"557",50,50,100,100,100,100,100,100,0,0,100,3
"558",0,200,0,0,0,0,0,0,0,0,0,3
"559",0,0,250,0,100,0,50,0,0,0,0,3
"560",0,0,15,156,150,100,79,75,85,75,100,3
"561",0,0,0,50,0,0,0,0,0,0,0,3
"562",50,50,15,0,0,25,25,25,50,50,100,3
"563",0,50,100,100,125,150,175,170,0,0,0,3
"565",0,50,0,0,0,0,0,0,0,0,0,3
"566",50,75,50,75,80,100,100,100,100,100,100,3
"567",0,50,0,0,0,0,0,0,0,0,0,3
"568",25,0,20,0,0,0,0,0,0,0,0,3
"569",80,100,100,100,120,125,0,0,200,0,0,3
"570",0,100,100,100,0,0,100,0,0,0,0,3
"571",500,0,0,0,0,0,0,0,0,0,0,3
"572",1000,1000,1000,0,0,0,0,0,0,0,0,2
"573",50,50,0,50,0,0,0,0,0,0,0,3
"574",0,0,0,200,0,0,0,0,0,0,0,3
"575",0,50,50,50,50,50,100,100,0,0,0,3
"576",250,0,0,0,0,0,0,0,0,0,0,3
"577",0,500,500,0,0,0,0,0,0,0,0,3
"578",50,50,50,50,0,0,0,0,0,0,0,3
"579",10,0,0,0,0,0,0,0,0,0,0,3
"582",0,50,50,100,100,100,100,200,0,0,0,3
"587",0,0,0,0,0,0,0,0,0,0,150,3
"591",50,50,0,50,0,0,50,0,25,0,0,3
"592",0,50,0,0,0,0,0,0,0,0,0,3
"606",200,200,100,200,200,200,100,0,0,0,0,2
"611",0,0,50,50,75,0,50,50,25,0,0,3
"622",0,156,300,100,200,250,150,0,0,0,0,2
"626",0,0,0,0,0,0,0,0,200,0,0,3
"636",51,26,15,23,26,21,25,11,0,9,0,3
"639",50,50,0,100,100,100,125,125,150,150,150,3
"646",0,25,0,0,0,0,0,0,0,0,0,3
"662",0,0,0,0,0,0,0,0,0,0,250,3
"663",0,0,0,50,100,0,0,0,0,0,0,3
"667",0,0,0,0,0,0,0,0,0,0,165,3
"668",0,0,0,0,0,0,0,0,0,0,250,3
"677",75,75,75,120,0,0,0,0,0,0,0,3
"678",0,0,0,0,20,125,25,100,0,100,0,3
"704",0,0,0,15,0,50,0,0,0,0,0,3
"705",50,100,100,100,100,100,100,100,200,200,200,3
"707",0,0,0,0,0,3,0,0,0,0,0,3
"718",0,0,0,0,0,0,0,0,10,0,0,3
"723",17,30,0,1,0,0,0,0,0,0,0,3
"739",0,0,100,100,100,100,100,100,100,0,100,3
"755",0,0,0,0,0,0,0,0,0,0,0,3
"758",50,0,0,50,0,0,50,50,0,0,0,3
"767",250,250,249,249,0,0,250,0,0,0,0,2
"771",50,50,110,50,0,0,0,200,50,0,0,3
"773",0,0,0,0,0,5,0,0,0,0,0,3
"793",0,0,0,0,0,0,100,145,100,50,100,3
"809",300,300,100,115,145,250,250,100,0,0,0,2
"810",250,500,0,0,0,0,0,0,0,0,0,3
"814",0,0,0,0,0,0,0,0,50,250,3550,1
"819",100,100,125,100,100,100,100,100,0,0,0,3
"823",54,50,0,50,100,0,50,50,75,50,50,3
"828",0,0,0,0,0,1,0,0,0,0,0,3
"832",0,0,0,0,0,0,0,0,0,0,0,3
"847",0,0,0,15,0,0,20,50,0,10,0,3
"849",0,0,0,0,0,0,100,0,0,0,250,3
"852",25,200,0,250,300,150,75,0,0,0,0,3
"856",50,100,125,150,300,300,250,150,160,250,250,2
"866",100,100,100,100,100,101,100,100,100,100,100,3
"868",100,100,100,0,0,0,0,0,0,0,0,3
"887",0,0,0,0,0,0,15,0,0,0,0,3
"896",0,0,0,0,0,0,0,0,25,0,50,3
"899",200,100,0,0,0,0,0,0,0,250,100,3
"903",50,50,65,65,65,50,25,25,25,0,0,3
"924",0,0,0,0,0,0,0,0,5,0,0,3
"946",0,0,0,0,0,200,0,0,0,0,0,3
"950",0,25,25,0,0,0,0,0,0,100,0,3
"971",0,100,0,15,125,150,150,300,200,100,100,3
"975",0,0,0,0,0,25,25,0,0,0,0,3
"985",0,0,0,0,0,25,0,0,0,0,0,3
"986",0,0,25,0,20,0,0,0,0,0,0,3
"1001",50,50,50,50,0,50,50,50,75,50,0,3
"1008",0,0,0,0,0,0,0,0,0,0,0,3
"1015",0,100,0,0,0,0,0,0,0,0,0,3
"1030",750,1050,1050,1050,0,0,0,0,0,0,0,2
"1051",100,100,115,150,170,25,25,37,67,61,49,3
"1052",0,0,0,0,0,0,0,0,0,0,0,3
"1055",0,0,0,0,0,0,0,0,0,30,0,3
"1059",0,0,0,50,0,0,0,0,0,100,0,3
"1060",1.5,0,0,0,10,50,75,25,25,0,0,3
"1068",0,0,0,0,0,250,150,0,150,0,0,3
"1070",1000,500,500,500,500,100,0,0,0,0,0,2
"1079",0,0,0,0,0,200,0,0,0,0,0,3
"1099",300,200,100,0,0,0,0,0,0,100,0,3
"1102",0,0,0,0,10,0,0,0,0,0,0,3
"1105",0,0,0,0,0,0,25,25,25,25,25,3
"1121",500,500,600,500,500,500,500,0,0,0,0,2
"1123",0,0,0,0,0,0,0,100,0,0,0,3
"1136",0,0,0,0,0,0,2,0,0,0,0,3
"1151",50,50,50,50,50,0,0,0,0,0,0,3
"1162",25,50,50,50,25,25,25,25,25,0,0,3
"1167",50,25,0,0,0,0,0,0,0,0,0,3
"1189",0,0,0,0,0,0,0,0,0,0,0,3
"1218",0,0,0,0,0,1500,0,0,0,0,1350,2
"1224",0,0,0,0,20,0,25,25,25,0,30,3
"1235",0,100,250,250,250,250,250,250,250,0,0,2
"1243",0,200,0,0,0,0,0,0,35,0,0,3
"1255",0,0,0,0,0,0,0,0,0,0,20,3
"1256",0,0,0,0,0,0,25,0,0,0,0,3
"1262",0,0,0,0,0,0,0,0,0,0,0,3
"1277",0,0,0,0,0,0,0,0,0,2,0,3
"1283",0,0,50,50,0,0,0,0,0,0,0,3
"1290",0,200,0,100,0,100,100,0,100,0,100,3
"1322",0,2500,0,0,0,0,0,0,0,0,0,2
"1337",0,0,0,0,0,0,25,25,20,0,60,3
"1347",0,0,0,0,0,0,0,0,0,100,75,3
"1351",0,0,0,0,50,0,0,0,0,0,0,3
"1358",0,0,0,0,0,0,0,0,0,0,25,3
"1362",0,0,0,0,0,50,50,50,50,100,50,3
"1372",0,100,100,0,0,0,0,0,0,0,0,3
"1373",100,0,0,0,100,50,50,0,0,0,0,3
"1384",100,20,100,122,48,50,35,0,0,0,0,3
"1388",100,0,0,0,0,0,0,0,0,0,0,3
"1393",50,50,50,50,50,50,50,50,50,0,0,3
"1418",0,200,0,0,0,0,0,0,0,0,0,3
"1422",0,0,0,0,0,0,0,0,0,0,350,3
"1447",25,25,50,50,50,50,50,50,50,50,75,3
"1449",0,0,0,0,0,0,0,0,0,0,0,3
"1450",0,0,0,0,0,0,50,0,0,0,0,3
"1476",0,0,0,0,0,0,0,0,0,100,0,3
"1501",0,0,0,0,0,0,0,0,0,30,0,3
"1505",0,0,0,0,0,4,0,0,0,0,0,3
"1509",0,0,0,0,0,7,0,0,0,0,0,3
"1537",0,0,0,0,0,0,100,25,0,0,0,3
"1578",0,0,0,0,0,0,0,0,4000,0,0,1
"1589",0,0,0,0,0,50,100,0,0,0,0,3
"1623",0,0,0,0,0,0,0,0,0,0,0,3
"1635",0,0,0,0,0,0,0,50,50,0,50,3
"1666",0,0,0,0,0,0,0,25,25,50,0,3
"1678",0,0,0,0,0,4,0,0,0,0,0,3
"1759",0,0,0,0,0,0,0,0,0,0,0,3
"1818",0,0,0,0,0,0,0,25,0,0,0,3
"1819",50,50,75,75,100,100,100,100,100,100,165,3
"1848",0,0,0,0,2,0,0,0,0,0,0,3
"1874",0,0,0,0,0,0,0,75,0,0,0,3
"1877",0,0,0,0,0,0,750,750,0,1500,0,1
"1891",0,0,0,0,0,25,25,25,25,0,0,3
"1947",0,0,0,0,0,0,0,0,0,0,0,3
"1955",0,0,50,0,0,0,0,0,0,0,0,3
"1959",0,0,0,0,100,50,0,0,0,0,0,3
"1999",0,0,0,0,0,1,0,0,0,0,0,3
"2008",0,0,0,0,0,0,0,0,0,0,30,3
"2037",0,0,0,0,0,0,0,0,0,0,0,3
"2062",150,100,100,50,50,50,0,50,0,0,0,3
"2063",0,10,0,15,0,0,0,0,0,10,0,3
"2074",0,0,0,0,0,0,1000,1000,0,0,0,2
"2085",0,0,0,0,0,0,0,0,0,100,200,3
"2091",0,0,0,0,0,0,25,0,0,0,0,3
"2092",0,0,0,0,0,4,0,0,0,0,0,3
"2113",0,0,0,0,0,500,500,1500,500,0,0,2
"2139",0,0,0,0,0,0,0,50,0,0,0,3
"2173",0,0,0,0,0,0,0,0,0,0,0,3
"2186",50,0,0,100,0,100,100,0,0,0,0,3
"2201",0,0,0,0,0,1,0,0,0,0,0,3
"2205",0,0,0,0,0,3,0,0,0,0,0,3
"2247",0,0,0,0,0,1,0,0,0,0,0,3
"2269",0,0,0,0,0,0,0,0,0,0,50,3
"2298",0,0,0,0,0,0,25,50,0,50,100,3
"2318",0,75,15,15,20,0,0,0,0,0,0,3
"2333",50,0,0,0,0,0,0,0,0,0,100,3
"2348",0,0,0,500,500,500,450,0,500,600,250,2
"2368",0,0,0,0,0,5,0,0,0,0,0,3
"2376",0,0,0,0,0,25,0,0,0,0,0,3
"2408",13,0,0,10,0,0,0,0,0,0,0,3
"2414",0,0,0,15,0,25,25,50,50,55,30,3
"2424",0,0,0,0,0,0,10,0,0,10,20,3
"2445",0,0,0,0,0,1,0,0,0,0,0,3
"2449",450,450,450,450,525,525,525,525,600,200,0,2
"2458",0,35,0,50,50,50,50,50,0,0,0,3
"2476",0,0,0,0,0,1,0,0,0,0,0,3
"2491",50,50,0,0,0,0,0,0,0,0,0,3
"2534",0,0,0,0,0,0,0,0,0,0,50,3
"2563",0,0,0,0,0,1,0,0,0,0,0,3
"2599",0,0,0,0,0,5,0,0,0,0,0,3
"2635",0,0,0,0,0,0,0,50,0,100,100,3
"2677",0,0,0,0,0,25,250,250,250,275,275,3
"2701",0,0,0,100,0,0,0,0,0,0,0,3
"2721",0,0,0,0,0,0,0,0,0,0,0,3
"2733",0,0,0,0,0,0,0,0,0,30,30,3
"2744",0,100,0,0,0,0,25,0,0,0,0,3
"2778",0,0,0,0,0,3,0,0,0,0,0,3
"2787",0,0,0,0,0,50,50,0,0,0,0,3
"2839",0,0,0,0,0,0,0,0,25,0,0,3
"3016",0,0,0,0,0,0,0,0,0,31,0,3
"3017",0,0,0,0,0,0,0,0,0,0,0,3
"3033",0,0,0,0,0,0,0,0,0,100,0,3
"3048",0,0,0,0,0,0,0,0,0,200,0,3
"3053",0,0,0,0,0,0,0,0,0,0,0,3
"3057",0,0,0,0,0,25,0,0,0,0,0,3
"3071",0,0,0,0,0,0,25,0,0,0,0,3
"3084",0,0,0,0,0,0,0,14,0,0,0,3
"3139",0,0,0,0,0,0,0,0,0,0,165,3
"3154",0,0,0,0,0,0,0,0,0,0,0,3
"3163",0,0,0,0,0,0,50,0,0,0,0,3
"3174",0,0,0,0,0,0,25,0,0,0,0,3
"3213",0,0,0,0,0,1,0,0,0,0,0,3
"3215",0,0,0,0,0,0,0,50,0,0,0,3
"3227",0,0,0,0,1000,0,1000,500,0,0,0,2
"3300",0,0,0,0,0,0,0,0,0,0,0,3
"3419",0,0,0,0,0,0,5,18,0,13,10.5,3
"3422",0,0,0,0,0,0,0,0,0,0,165,3
"3428",0,0,15,15,20,0,0,0,0,0,0,3
"3431",0,0,0,0,0,0,0,0,0,0,30,3
"3452",0,0,0,0,0,0,50,0,0,0,0,3
"3472",0,0,0,0,0,0,0,0,25,0,0,3
"3485",0,0,0,0,0,1,0,0,0,0,0,3
"3491",50,50,0,0,0,0,0,0,0,0,0,3
"3537",0,0,15,15,20,20,25,25,25,30,30,3
"3585",0,0,0,0,0,0,50,0,0,0,0,3
"3605",13,0,25,0,30,25,0,0,0,25,0,3
"3655",0,0,0,0,0,0,0,0,1100,0,0,3
"3661",0,0,0,0,0,0,5,0,10,5,0,3
"3673",0,0,0,0,0,0,0,0,0,0,0,3
"3689",0,0,0,0,0,0,0,0,0,0,0,3
"3699",0,0,0,0,0,2,0,0,0,0,0,3
"3712",50,50,50,50,0,0,50,0,0,0,75,3
"3726",0,0,0,0,0,0,25,0,0,30,0,3
"3727",0,75,100,100,0,50,50,50,100,0,0,3
"3810",0,0,50,50,100,50,50,0,0,250,200,3
"3881",0,0,0,0,0,0,25,50,0,0,0,3
"3949",0,20,0,0,0,0,0,0,0,0,0,3
"3985",0,0,0,0,0,242,0,100,0,0,0,3
"4037",0,0,0,0,0,2,0,0,0,0,0,3
"4050",0,1,0,50,50,50,100,140,0,25,0,3
"4076",0,0,0,0,0,0,0,0,0,0,50,3
"4108",0,0,0,0,0,1,0,0,0,0,0,3
"4119",0,0,65,75,100,100,100,100,100,25,0,3
"4234",0,0,0,0,0,0,0,0,0,0,0,3
"4269",0,0,0,0,0,0,25,25,0,0,200,3
"4276",0,0,0,0,0,0,0,0,0,0,30,3
"4297",0,0,0,0,0,5,0,0,0,0,0,3
"4311",0,0,0,0,0,0,0,0,0,0,350,3
"4329",50,25,15,65,20,25,25,0,75,35,0,3
"4344",0,0,0,0,0,0,0,0,0,0,0,3
"4371",0,100,50,100,150,0,200,100,150,250,200,3
"4381",0,0,0,0,0,0,0,0,75,0,0,3
"4406",0,0,0,0,0,3,0,0,0,0,0,3
"4438",0,0,0,0,0,0,0,0,0,0,350,3
"4466",0,0,0,0,100,0,0,0,0,0,0,3
"4478",0,0,0,0,0,100,125,0,0,0,0,3
"4491",0,0,0,0,0,0,0,0,0,0,0,3
"4494",50,0,0,0,0,0,0,0,0,0,0,3
"4506",0,0,0,0,0,0,0,0,20,0,0,3
"4564",0,0,0,0,0,0,0,0,0,50,0,3
"4596",0,0,0,0,0,1,0,0,0,0,0,3
"4614",0,0,0,0,20,0,0,0,0,0,0,3
"4618",0,0,0,0,0,0,0,0,0,0,175,3
"4623",0,0,0,0,0,0,0,0,0,0,0,3
"4736",0,0,0,0,0,0,25,0,0,0,0,3
"4765",0,16,25,21,20,0,25,0,0,25,0,3
"4769",0,0,0,14,20,0,0,0,0,0,0,3
"4771",0,0,0,0,0,0,0,0,100,100,100,3
"4774",0,0,0,0,0,4,0,0,0,0,0,3
"4779",0,50,50,35,50,0,0,0,50,0,0,3
"4800",0,0,0,0,250,0,0,25,200,250,0,3
"4807",0,0,0,0,0,4,0,0,0,0,0,3
"4809",100,100,250,250,250,250,100,250,250,500,500,2
"4815",0,0,0,0,0,0,0,0,0,0,0,3
"4844",0,0,0,50,0,0,0,0,0,0,0,3
"4862",0,50,0,0,0,0,0,0,0,0,0,3
"4866",50,0,0,0,0,0,0,0,0,0,0,3
"4876",0,0,0,0,100,0,0,0,0,0,0,3
"4905",0,0,0,0,0,25,25,0,100,0,0,3
"4917",0,0,0,0,0,0,0,0,0,0,150,3
"4941",0,200,0,50,0,0,0,0,0,0,0,3
"4963",0,0,0,0,0,0,0,0,0,0,0,3
"4987",0,100,0,100,0,100,0,0,0,0,0,3
"4996",0,0,0,0,0,0,25,100,25,30,0,3
"5009",0,0,0,50,100,0,0,75,0,100,0,3
"5046",0,0,0,0,0,0,0,100,100,90,100,3
"5063",0,0,0,0,0,0,0,0,0,0,0,3
"5064",25,0,0,0,0,150,0,0,0,0,0,3
"5069",0,0,0,0,0,0,0,100,0,0,0,3
"5101",0,0,0,0,0,60,0,0,0,0,0,3
"5111",0,0,0,0,0,4,0,25,0,0,0,3
"5114",0,0,0,0,0,0,0,0,25,0,0,3
"5131",0,0,0,0,0,1,0,0,0,0,0,3
"5142",0,0,0,0,20,0,0,0,0,0,0,3
"5181",100,100,0,100,0,0,0,0,0,0,0,3
"5190",0,0,0,0,0,0,0,250,250,250,100,3
"5205",0,0,0,0,0,0,0,0,0,0,0,3
"5237",0,0,0,0,0,0,0,0,100,100,0,3
"5279",0,0,0,0,0,1,0,0,0,0,0,3
"5286",16,0,0,0,0,0,0,0,0,0,0,3
"5293",100,0,0,0,0,0,0,0,0,0,0,3
"5302",0,0,0,0,0,100,0,0,0,0,0,3
"5303",0,0,0,0,0,1,0,0,0,0,0,3
"5314",0,0,0,0,0,0,0,0,0,0,165,3
"5317",0,0,0,0,0,0,0,100,100,250,0,3
"5355",0,0,0,0,0,1,0,0,0,0,0,3
"5363",0,0,0,0,0,2,0,0,0,0,0,3
"5395",0,0,0,0,0,2,0,0,0,0,0,3
"5397",0,0,0,0,0,0,0,0,25,0,0,3
"5417",50,0,0,0,0,0,0,0,0,0,0,3
"5434",35,100,100,100,0,0,0,0,0,0,0,3
"5435",100,100,100,100,100,100,0,0,0,100,100,3
"5446",100,100,100,100,100,0,0,100,0,100,100,3
"5451",0,0,250,250,0,500,0,0,100,0,0,2
"5459",500,580,0,0,0,0,0,0,0,0,0,3
"5491",0,0,0,0,0,20,0,20,10,0,0,3
"5500",25,0,0,0,0,0,0,0,0,0,0,3
"5513",0,0,0,0,0,0,0,0,0,0,500,3
"5532",0,0,0,0,0,0,0,0,0,0,0,3
"5564",0,0,5,0,0,0,0,0,0,0,0,3
"5580",0,0,0,0,0,10,0,0,0,0,0,3
"5585",0,0,0,0,0,20,25,0,0,0,30,3
"5636",0,0,0,0,0,5,0,0,0,0,0,3
"5734",0,40,0,0,0,0,0,0,0,0,0,3
"5739",0,0,0,0,0,50,50,50,0,0,0,3
"5750",0,50,0,0,0,0,0,0,0,0,0,3
"5781",0,0,0,0,50,0,0,0,0,0,0,3
"5830",100,100,109,0,100,50,50,75,75,100,100,3
"5859",0,0,0,0,0,0,0,0,0,25,25,3
"5860",0,6,0,0,0,0,0,0,0,0,0,3
"5887",0,0,0,0,0,0,0,0,0,0,350,3
"5895",0,0,0,0,0,0,0,0,0,592,1000,1
"5919",500,250,0,250,0,0,0,0,0,0,0,3
"5923",0,0,0,0,0,0,0,75,0,0,0,3
"5929",0,0,0,0,0,0,0,50,0,0,0,3
"5931",200,250,0,120,0,0,0,0,0,20,1165,3
"5934",50,50,100,100,100,100,100,100,50,50,75,3
"5943",0,0,0,19,0,0,0,0,0,0,0,3
"6013",0,0,0,0,0,0,0,0,0,0,30,3
"6036",0,0,0,0,0,100,100,100,100,100,100,3
"6051",0,0,0,0,20,0,0,0,0,0,0,3
"6053",0,0,0,0,20,0,0,0,0,0,0,3
"6064",150,150,225,225,225,100,100,50,100,100,100,2
"6079",0,0,0,0,0,2,0,0,0,0,0,3
"6096",0,0,0,0,0,1,0,0,0,0,0,3
"6107",0,0,0,0,9,0,0,0,0,0,0,3
"6109",0,0,15,15,0,0,0,0,0,30,0,3
"6123",250,250,250,150,0,150,150,150,150,250,550,2
"6136",0,0,0,250,0,0,0,0,0,0,0,3
"6140",75,75,100,100,100,75,75,75,100,100,100,3
"6144",0,0,0,0,0,0,0,0,0,0,0,3
"6191",0,0,0,0,0,0,0,0,0,0,1000,3
"6200",0,0,0,0,0,0,0,0,0,0,0,3
"6202",0,0,0,0,0,0,0,0,0,500,0,3
"6219",0,0,0,0,0,0,0,0,250,250,500,3
"6228",0,0,0,0,0,1,0,0,0,0,0,3
"6232",50,50,100,0,0,100,0,0,0,0,100,3
"6239",0,0,0,0,20,9,0,0,0,0,0,3
"6260",0,0,0,0,0,25,25,100,100,30,0,3
"6294",50,50,50,50,50,50,50,50,50,50,50,3
"6296",0,0,11,0,0,0,0,0,0,0,0,3
"6299",0,0,0,0,0,0,0,0,0,30,30,3
"6301",0,0,0,0,0,0,0,0,0,0,350,3
"6348",0,0,0,0,0,0,0,0,0,0,0,3
"6349",50,50,0,0,0,0,0,0,0,0,0,3
"6356",0,0,0,0,0,0,0,0,25,20,0,3
"6361",0,0,0,0,0,0,0,0,0,0,165,3
"6391",50,50,0,50,50,53,0,50,50,0,0,3
"6395",0,0,25,0,0,0,0,0,0,0,0,3
"6449",0,0,0,0,0,0,0,0,75,0,0,3
"6475",0,0,0,0,0,0,25,0,0,0,0,3
"6505",0,0,0,15,0,0,25,25,25,30,0,3
"6514",17,0,0,0,0,0,0,0,0,0,0,3
"6522",0,50,0,50,0,50,0,0,0,0,200,3
"6523",0,0,0,11,0,0,0,0,0,0,0,3
"6530",0,25,0,25,0,25,80,80,80,0,50,3
"6538",0,100,0,0,0,0,0,0,100,100,100,3
"6578",0,0,0,0,50,0,0,0,0,0,0,3
"6592",0,0,0,0,0,25,0,50,0,0,0,3
"6634",0,0,0,0,0,0,0,0,0,0,20,3
"6639",200,100,125,125,150,150,200,250,250,250,250,2
"6655",0,25,15,15,0,0,0,0,0,0,0,3
"6689",0,0,0,0,0,0,0,0,0,50,0,3
"6698",0,0,0,0,0,0,0,100,0,165,0,3
"6699",0,0,0,104,0,0,30,35,30,30,35,3
"6724",0,0,100,250,0,250,0,300,275,250,100,3
"6742",0,0,0,0,0,0,0,100,100,100,0,3
"6762",0,0,15,15,0,0,0,0,0,0,0,3
"6787",0,0,0,0,0,25,0,0,50,0,0,3
"6791",0,0,0,0,0,75,75,0,0,75,0,3
"6850",60,0,0,0,0,0,0,0,0,0,0,3
"6894",25,0,0,0,0,0,0,0,0,0,0,3
"6908",0,0,0,0,0,25,0,0,0,0,0,3
"6918",200,100,100,100,100,100,0,0,100,100,0,3
"6941",0,0,0,0,0,0,0,0,25,0,0,3
"6958",0,0,0,0,0,0,0,0,205,182.67,100,3
"7012",100,0,0,0,0,0,0,0,0,0,0,3
"7016",0,0,0,15,0,0,0,0,0,0,0,3
"7018",0,0,0,0,50,0,25,50,0,50,66,3
"7039",0,0,0,0,0,0,0,21,40,83,0,3
"7060",0,0,0,0,0,0,100,100,0,0,0,3
"7061",0,0,0,0,0,0,0,0,0,100,175,3
"7112",0,0,0,0,0,27,0,0,0,0,0,3
"7125",0,0,0,0,0,1,0,0,0,0,0,3
"7134",0,0,0,0,0,0,23,0,0,0,0,3
"7148",0,0,0,1500,1500,750,250,0,0,0,0,2
"7162",0,0,0,0,0,25,25,25,0,0,0,3
"7189",0,0,0,0,0,0,0,0,0,50,0,3
"7289",100,100,115,100,120,100,100,100,0,0,0,3
"7334",25,50,0,50,50,0,0,25,25,0,0,3
"7367",0,0,0,0,20,25,25,25,25,30,0,3
"7418",500,500,500,500,500,0,0,0,0,0,0,2
"7442",0,0,0,0,20,35,0,0,0,0,0,3
"7507",0,0,0,0,0,0,0,0,0,50,0,3
"7532",0,50,0,0,0,0,0,0,0,0,0,3
"7597",0,0,0,0,0,2,0,0,0,0,0,3
"7616",50,100,100,100,0,100,0,0,100,0,0,3
"7652",0,0,250,250,250,0,0,0,0,0,0,3
"7655",250,100,265,250,250,250,250,250,250,250,250,2
"7711",0,0,0,0,0,5,0,0,0,0,0,3
"7734",0,0,0,0,10,10,20,25,20,40,0,3
"7754",0,0,0,0,0,0,25,0,0,40,0,3
"7777",0,50,0,0,0,0,0,0,0,0,0,3
"7780",0,0,15,100,0,0,0,0,0,0,0,3
"7819",0,0,0,0,0,1,0,0,0,0,0,3
"7851",0,50,0,0,0,0,0,0,0,0,0,3
"7869",0,0,0,0,0,0,0,0,0,0,0,3
"7895",0,0,0,0,0,0,25,0,0,0,0,3
"7952",0,0,0,50,50,50,50,50,75,100,200,3
"7996",0,0,50,100,0,0,0,0,0,0,0,3
"8016",0,0,0,0,0,0,0,0,0,0,175,3
"8028",0,0,0,0,20,0,0,0,0,0,0,3
"8054",0,0,0,0,0,3,0,0,0,0,0,3
"8057",0,0,0,0,250,0,0,100,100,0,50,3
"8094",0,0,0,0,0,0,0,0,0,0,100,3
"8140",0,0,0,0,0,0,0,0,250,0,0,3
"8146",0,0,0,0,0,4,0,0,0,0,0,3
"8187",0,0,0,0,0,0,0,50,0,30,375,3
"8193",0,0,0,0,100,0,0,0,0,0,0,3
"8251",0,60,0,0,0,0,0,0,0,0,1500,3
"8375",50,50,50,50,55,60,60,60,60,60,70,3
"8390",0,0,15,15,0,0,0,0,0,0,0,3
"8433",0,0,0,0,0,2,0,0,0,0,0,3
"8442",0,0,0,0,0,100,100,0,0,0,0,3
"8484",0,0,0,0,0,0,100,0,25,0,0,3
"8493",0,0,0,0,0,0,0,0,0,0,100,3
"8520",0,0,0,0,0,0,0,0,0,100,250,3
"8560",0,0,0,0,0,0,0,0,0,50,0,3
"8590",0,0,0,0,0,0,0,0,0,0,0,3
"8617",0,0,0,0,0,1,0,0,0,0,0,3
"8619",100,100,0,200,0,0,0,100,100,0,100,3
"8623",0,2,0,0,0,0,0,0,0,0,0,3
"8632",0,0,0,0,0,25,25,25,0,0,0,3
"8636",1,10,0,0,2,0,0,0,0,0,0,3
"8637",25,25,0,0,0,0,0,0,0,0,0,3
"8691",0,0,0,0,0,0,0,0,0,0,0,3
"8719",56,56,50,0,0,0,0,0,0,0,0,3
"8722",0,0,0,0,100,0,0,0,0,0,0,3
"8728",0,0,0,0,0,0,0,0,0,0,0,3
"8742",0,0,0,0,0,0,0,0,0,0,0,3
"8757",0,0,100,500,0,500,100,0,0,500,500,2
"8768",250,300,0,250,0,0,0,0,0,0,0,3
"8817",0,0,0,0,0,0,0,31,0,30,0,3
"8818",0,0,0,0,0,0,0,0,0,250,0,3
"8830",0,0,0,0,0,0,0,0,0,0,0,3
"8949",200,0,0,0,0,0,0,0,0,0,0,3
"8984",0,50,100,50,75,100,0,0,100,0,100,3
"9038",0,0,0,0,0,0,25,0,0,0,0,3
"9050",0,0,0,0,0,0,0,0,0,0,165,3
"9069",0,0,0,0,0,0,0,0,0,27,29,3
"9075",0,0,0,0,0,1,0,0,0,0,0,3
"9084",0,0,0,100,100,0,0,0,100,100,100,3
"9091",0,0,0,0,0,25,50,50,0,0,50,3
"9093",50,50,50,50,50,50,0,0,0,20,515,3
"9117",0,0,75,0,0,0,0,0,0,0,0,3
"9161",0,50,0,0,100,0,0,0,0,0,0,3
"9163",0,0,0,0,0,0,0,0,0,0,0,3
"9223",0,0,0,0,0,0,0,0,0,0,0,3
"9259",0,0,0,0,0,0,100,100,0,0,0,3
"9341",0,0,0,0,0,75,50,0,100,100,100,3
"9356",0,0,15,15,20,0,0,0,0,0,0,3
"9378",0,0,0,0,0,0,0,0,0,0,15,3
"9397",0,500,500,250,250,250,0,0,0,0,0,2
"9402",0,0,0,0,0,1,0,0,0,0,0,3
"9403",0,0,0,15,0,0,0,0,0,0,0,3
"9415",0,0,0,0,0,0,0,0,0,0,0,3
"9541",100,100,100,100,100,100,100,100,100,100,100,3
"9544",25,0,0,0,0,0,0,0,0,0,0,3
"9559",0,0,0,0,0,0,0,0,0,30,0,3
"9566",0,0,1000,1000,1000,1000,0,0,0,0,0,2
"9573",250,250,250,500,500,500,500,250,250,250,250,2
"9578",0,100,450,200,100,0,0,0,0,0,0,3
"9728",0,500,0,0,20,0,0,0,0,0,0,3
"9731",0,0,0,0,0,25,0,0,0,0,0,3
"9758",0,0,0,0,0,0,0,0,0,0,0,3
"9770",0,50,0,250,100,0,0,0,0,0,0,3
"9774",0,266,15,15,20,25,50,0,0,0,0,3
"9780",50,0,0,0,0,0,0,0,0,0,0,3
"9797",0,0,0,0,0,0,0,0,0,75,0,3
"9801",0,0,0,0,0,0,0,0,0,0,250,3
"9830",0,100,0,0,0,0,0,0,0,0,0,3
"10002",0,0,0,0,0,0,0,0,25,0,0,3
"10018",0,0,0,0,0,0,0,0,0,25,0,3
"10020",25,25,25,25,0,25,25,25,25,25,30,3
"10035",0,50,0,0,0,0,0,0,0,0,0,3
"10043",0,0,0,0,0,0,0,0,0,0,0,3
"10056",0,200,0,0,0,0,0,0,0,0,0,3
"10065",50,25,25,25,0,0,0,0,0,0,0,3
"10075",0,0,0,0,20,0,0,0,0,30,40,3
"10078",0,0,0,0,25,35,35,0,40,0,0,3
"10091",0,0,0,0,0,0,0,0,1000,2500,750,1
"10123",0,0,0,150,0,0,0,0,0,0,0,3
"10159",0,0,105,0,100,2,0,100,0,75,0,3
"10173",0,0,0,0,0,1,0,0,0,0,0,3
"10218",0,0,0,0,0,0,0,0,0,0,50,3
"10228",0,0,0,0,0,3,0,0,0,0,0,3
"10237",0,0,0,0,0,0,0,0,0,0,30,3
"10265",0,0,0,0,0,0,0,0,0,100,0,3
"10303",0,0,0,0,0,350,0,100,0,0,0,3
"10320",0,0,0,0,0,0,0,0,100,0,0,3
"10350",0,0,0,65,70,0,25,0,0,0,30,3
"10376",100,50,50,50,100,103,100,100,100,100,100,3
"10389",3,0,0,0,0,0,0,0,0,0,0,3
"10429",0,0,0,0,0,50,0,0,0,0,0,3
"10475",0,0,0,0,0,50,0,0,0,0,0,3
"10499",50,50,50,15,50,50,125,25,0,0,0,3
"10502",0,0,0,0,0,4,0,0,0,0,0,3
"10515",0,0,0,0,0,30,30,0,0,0,0,3
"10529",0,50,50,50,0,0,0,0,0,0,0,3
"10565",0,0,0,0,0,0,0,25,0,0,0,3
"10590",0,0,0,0,0,0,0,100,100,0,0,3
"10607",0,0,0,0,0,0,0,0,1,0,0,3
"10622",0,0,0,0,0,0,0,0,0,1550,0,1
"10637",0,0,0,0,0,0,0,0,0,0,50,3
"10642",0,0,0,0,50,0,50,25,75,50,0,3
"10643",0,0,0,0,0,2,0,0,0,0,0,3
"10669",0,0,0,0,0,1,0,0,0,0,0,3
"10676",0,0,0,25,0,0,0,0,0,0,0,3
"10682",0,0,0,0,20,0,0,0,0,0,0,3
"10726",0,0,0,0,0,0,0,75,100,150,0,3
"10752",0,0,0,0,0,0,0,0,0,0,100,3
"10808",0,25,10,0,0,0,0,0,0,0,0,3
"10817",0,0,0,0,0,20,25,25,0,0,0,3
"10834",0,0,100,0,0,0,0,0,0,0,0,3
"10866",0,0,100,50,0,0,0,0,0,0,0,3
"10886",0,0,0,0,0,0,50,100,0,75,0,3
"10932",0,0,0,0,0,0,4,0,0,0,0,3
"10950",0,0,0,0,0,0,25,0,0,0,0,3
"10957",0,0,0,0,0,50,25,0,0,0,0,3
"11028",0,0,0,0,0,0,0,25,24,0,0,3
"11033",0,0,0,50,60,0,0,0,0,0,0,3
"11034",0,0,0,0,0,0,0,0,25,0,0,3
"11040",12,0,0,0,0,0,0,0,0,0,0,3
"11111",0,0,0,0,0,50,50,50,75,100,100,3
"11118",5,0,0,0,0,0,0,0,0,0,0,3
"11125",0,0,0,0,0,0,0,0,0,30,50,3
"11160",0,0,0,0,0,0,0,0,0,0,100,3
"11175",0,0,0,0,0,0,0,0,0,0,600,3
"11177",0,100,25,25,25,25,25,25,25,0,25,3
"11198",0,0,0,0,0,0,0,0,100,100,100,3
"11201",0,100,0,0,0,0,0,0,0,0,0,3
"11273",15,10,10,25,10,5,0,25,10,0,0,3
"11293",0,0,0,0,0,2,0,0,0,0,0,3
"11311",0,100,100,125,125,125,125,0,100,100,100,3
"11338",0,0,0,0,0,0,0,0,0,0,0,3
"11345",0,0,0,0,0,0,50,50,50,0,0,3
"11461",0,0,0,50,50,0,0,0,0,0,0,3
"11562",0,0,0,0,100,0,0,0,0,100,0,3
"11566",0,0,100,0,0,1,0,0,0,0,0,3
"11592",0,0,0,0,0,1,0,0,0,0,0,3
"11599",0,0,0,0,0,0,100,0,0,0,0,3
"11601",25,0,0,0,0,0,0,0,0,0,0,3
"11611",100,100,100,100,125,100,100,100,100,0,0,3
"11634",100,100,100,100,100,0,50,50,0,0,0,3
"11641",0,0,0,100,200,100,25,100,0,0,0,3
"11691",0,0,0,0,0,100,100,150,0,265,200,3
"11699",0,0,0,0,0,0,0,0,0,50,0,3
"11724",25,25,0,25,25,25,25,25,0,0,0,3
"11769",0,0,0,0,0,0,0,0,0,0,0,3
"11792",0,0,0,0,0,1,0,0,0,0,0,3
"11803",2,0,0,0,0,0,0,0,0,0,0,3
"11861",0,100,0,100,0,250,0,0,0,0,100,3
"11890",0,0,0,0,0,0,0,0,20,0,0,3
"11897",0,0,0,0,0,0,0,0,0,0,25,3
"11900",0,0,0,0,20,0,25,35,0,95,0,3
"11910",0,0,0,0,0,0,0,0,0,50,0,3
"11985",0,0,0,5,0,0,5,0,0,30,0,3
"12007",0,0,0,20,0,0,0,0,0,0,0,3
"12011",0,0,25,0,0,0,0,0,0,0,0,3
"12049",0,0,0,0,0,0,100,0,0,0,0,3
"12081",0,0,0,0,0,0,0,0,100,0,0,3
"12195",0,0,0,0,0,0,100,0,0,0,0,3
"12206",0,0,0,0,0,0,0,30,30,30,30,3
"12207",0,15,0,15,15,15,15,0,0,0,0,3
"12254",0,0,0,10,0,0,0,0,0,0,0,3
"12304",0,0,0,0,1000,0,0,0,0,1000,1000,1
"12325",50,50,100,100,0,0,0,0,0,50,0,3
"12337",0,0,0,0,0,0,0,0,0,0,165,3
"12414",0,0,0,0,50,0,0,0,0,0,0,3
"12444",50,0,15,50,50,0,25,0,25,0,0,3
"12504",0,0,0,0,0,1,0,0,0,0,0,3
"12512",0,0,250,0,0,0,0,0,0,0,0,3
"12515",100,300,100,0,0,0,0,100,0,0,0,3
"12529",0,0,0,0,0,0,0,0,0,0,0,3
"12579",50,0,0,0,0,0,0,0,0,0,0,3
"12658",0,0,0,0,0,1,0,0,0,0,0,3
"12700",256,256,306,0,0,0,0,0,0,0,0,3
"12810",0,0,0,0,0,0,25,0,25,0,30,3
"12869",0,0,0,0,0,0,0,0,100,100,100,3
"12889",0,0,0,0,0,50,25,0,0,0,0,3
"12952",0,0,0,0,50,50,50,50,75,125,0,3
"12969",0,0,0,0,0,1,0,0,0,0,0,3
"12974",0,0,0,0,0,5,0,0,0,0,0,3
"13060",0,5,0,0,0,0,0,0,0,0,0,3
"13094",0,0,50,0,75,0,0,0,0,0,0,3
"13120",0,0,0,15,0,0,100,0,0,0,0,3
"13140",0,0,0,0,0,5.47,0,0,0,0,0,3
"13150",100,100,100,100,0,0,0,0,0,0,0,3
"13198",0,100,250,250,250,0,0,0,0,0,0,3
"13280",0,9,0,0,0,0,0,0,0,0,0,3
"13292",0,0,0,0,0,0,0,0,0,0,850,3
"13302",250,250,0,0,0,0,0,0,0,0,0,3
"13314",50,100,0,0,0,0,0,0,0,0,0,3
"13318",0,0,0,0,125,0,100,100,100,100,0,3
"13327",0,0,0,35,0,0,0,0,0,0,0,3
"13391",0,0,0,0,30,50,65,85,100,125,125,3
"13402",0,0,0,0,0,1,0,0,0,0,0,3
"13410",50,0,0,0,0,0,0,0,0,0,50,3
"13412",0,0,0,0,0,4,0,0,0,0,0,3
"13512",0,0,0,25,18,28,18,0,0,0,0,3
"13573",0,0,0,0,0,0,100,100,0,50,50,3
"13596",100,100,100,110,100,100,100,100,110,50,100,3
"13635",0,0,0,6,6,0,0,0,0,0,0,3
"13637",0,0,0,0,0,25,0,0,0,0,0,3
"13642",0,0,0,11,0,0,0,0,0,0,0,3
"13668",0,0,0,0,0,100,50,0,0,0,0,3
"13697",0,0,0,75,100,100,100,100,100,100,0,3
"13773",0,0,0,0,0,0,100,25,0,0,0,3
"13870",0,0,0,0,0,3,0,0,0,0,0,3
"13883",0,0,15,15,0,0,0,0,0,0,0,3
"13904",0,0,0,0,0,0,0,0,0,0,0,3
"13931",0,0,0,0,0,52,0,0,0,0,75,3
"13958",0,0,0,0,0,50,0,0,0,0,0,3
"13973",0,0,0,0,0,3,0,0,0,0,0,3
"13974",10,10,0,0,0,20,0,0,0,20,0,3
"14112",0,0,0,0,0,0,50,100,150,100,250,3
"14197",0,0,0,0,0,0,25,0,0,0,0,3
"14206",0,0,0,0,0,100,125,100,25,30,0,3
"14208",0,50,0,0,0,0,0,0,0,0,0,3
"14212",25,0,30,50,50,50,50,50,55,25,50,3
"14264",50,0,0,0,0,0,0,0,0,0,0,3
"14266",0,0,0,0,0,0,0,0,0,0,25,3
"14285",50,50,50,50,50,0,0,0,0,0,0,3
"14307",0,0,0,0,50,50,50,50,50,50,50,3
"14322",0,100,200,0,0,0,0,0,0,0,0,3
"14361",0,100,0,0,0,0,0,0,0,0,0,3
"14393",0,0,0,0,0,0,0,0,30,0,0,3
"14488",250,250,250,0,0,0,0,0,0,0,0,3
"14502",0,0,0,11,0,0,0,0,0,0,0,3
"14504",0,0,0,0,0,0,0,0,0,0,0,3
"14505",0,0,0,0,0,0,0,0,0,0,350,3
"14506",0,0,0,15,20,0,0,0,0,0,0,3
"14529",50,75,0,100,0,0,0,50,0,0,0,3
"14553",0,0,0,50,50,50,50,0,0,0,0,3
"14585",0,100,0,100,100,100,50,100,0,0,0,3
"14590",0,0,0,0,0,0,0,10,0,0,0,3
"14727",0,20,20,25,0,0,0,50,25,25,25,3
"14760",0,0,0,0,0,0,0,0,0,0,0,3
"14771",0,0,0,0,0,100,0,0,100,0,0,3
"14870",0,0,0,0,0,50,50,50,75,75,75,3
"14938",100,0,0,0,0,0,0,0,0,0,0,3
"14955",0,0,100,0,0,0,0,0,0,0,0,3
"14961",0,0,0,0,0,0,25,0,0,0,0,3
"14979",0,0,0,25,0,0,0,0,0,0,0,3
"14993",0,50,50,50,0,0,0,0,0,0,0,3
"15054",0,0,0,0,0,0,0,100,0,0,0,3
"15066",0,0,0,0,0,0,0,0,100,100,0,3
"15081",0,0,0,10,0,0,0,0,0,0,0,3
"15099",0,0,0,0,0,1,0,0,0,0,0,3
"15120",0,10,0,0,0,0,0,0,0,0,0,3
"15152",0,0,0,0,0,0,0,0,100,100,100,3
"15203",0,0,100,0,0,0,0,0,0,0,0,3
"15240",0,0,0,0,0,0,0,100,100,100,100,3
"15327",0,0,0,0,0,0,0,200,0,0,0,3
"15351",0,0,0,0,0,0,0,0,0,0,50,3
"15403",0,0,0,0,0,0,50,0,0,0,0,3
"15407",0,0,0,0,0,0,0,0,0,23,0,3
"15408",0,0,0,0,0,0,0,0,0,0,0,3
"15429",0,0,0,0,0,0,0,0,0,0,350,3
"15438",251,251,0,250,250,250,250,250,0,0,0,2
"15545",0,4,0,0,0,0,0,0,0,0,0,3
"15550",250,250,0,0,0,0,0,0,0,100,100,3
"15578",0,0,0,0,0,0,0,0,0,500,0,3
"15789",0,0,0,0,0,0,0,0,0,100,0,3
"15851",0,0,0,0,0,1,0,0,0,0,1050,3
"15958",0,0,0,0,0,0,0,0,0,0,2780,1
"16278",150,750,250,500,500,100,200,100,100,50,100,2
"16328",0,0,0,0,50,0,0,0,0,0,0,3
"16329",0,0,0,0,200,0,0,0,0,0,0,3
"16334",0,0,0,0,100,50,0,0,0,0,0,3
"16342",0,0,0,0,20,0,0,0,0,0,0,3
"16377",0,0,0,0,0,100,0,0,0,0,0,3
"16391",0,0,0,0,0,0,0,350,0,0,0,3
"16443",0,0,0,0,0,0,50,250,200,0,75,3
"16445",0,0,0,0,20,0,0,0,0,0,30,3
"16462",0,0,0,0,0,20,25,0,0,25,25,3
"16476",0,0,0,0,0,0,0,0,25,0,0,3
"16498",0,0,0,0,0,0,30,0,0,0,0,3
"16505",0,0,0,0,0,1,0,0,0,0,0,3
"16520",25,0,0,0,0,50,50,0,0,0,0,3
"16523",0,0,0,0,0,0,0,0,0,100,0,3
"16524",0,0,0,0,0,25,0,0,0,0,0,3
"16578",0,0,0,0,0,50,50,0,0,0,0,3
"16590",0,0,0,0,0,0,25,25,250,250,0,3
"16637",0,0,0,0,0,0,0,500,0,1000,1000,1
"16664",0,0,0,0,0,0,0,0,500,500,0,3
"16665",0,0,0,0,0,0,25,25,25,30,30,3
"16679",0,0,0,0,0,0,0,0,0,100,0,3
"16697",0,0,0,0,0,100,100,0,100,0,0,3
"16711",0,0,0,0,0,100,100,100,0,0,0,3
"16741",0,0,0,0,0,0,0,100,0,100,100,3
"16769",0,0,0,0,0,0,0,0,75,75,0,3
"16787",0,0,0,0,0,8,0,0,0,0,0,3
"16800",0,0,0,0,0,0,0,0,75,0,0,3
"16819",0,0,0,0,0,0,0,0,0,0,100,3
"16821",0,0,0,0,0,25,0,50,0,0,0,3
"16840",0,0,0,0,0,0,25,0,0,0,0,3
"16912",0,0,0,0,0,30,0,0,0,0,0,3
"16917",0,0,0,0,0,3,0,0,0,0,0,3
"16984",0,0,0,0,0,0,0,10,0,0,0,3
"16993",0,0,0,0,0,0,0,0,0,0,25,3
"17014",0,0,0,0,250,0,0,0,0,0,0,3
"17048",0,0,0,0,0,0,0,0,0,0,0,3
"17053",0,0,0,0,0,50,0,0,0,0,0,3
"17113",0,0,0,0,0,0,0,0,0,150,0,3
"17164",0,0,0,0,0,1,0,0,0,0,0,3
"17168",0,0,0,0,0,4,0,0,0,0,0,3
"17212",0,0,0,0,0,50,0,0,0,0,0,3
"17218",0,0,0,0,0,0,0,10,0,0,0,3
"17233",2,0,0,0,0,0,0,0,0,0,0,3
"17239",0,0,0,0,0,50,50,100,100,0,0,3
"17292",0,0,0,0,0,0,0,0,0,10,0,3
"17316",300,350,0,0,0,0,1000,0,250,500,350,2
"17408",0,0,0,0,0,0,100,100,100,50,50,3
"17419",0,0,0,0,0,0,0,0,250,0,100,3
"17516",0,0,0,0,0,0,25,0,0,0,0,3
"17533",0,0,0,0,0,0,0,0,0,0,0,3
"17575",50,50,0,0,0,0,0,0,0,0,0,3
"17640",0,0,0,0,0,0,0,0,0,0,0,3
"17641",0,0,0,0,0,500,0,0,0,0,0,3
"17737",100,100,100,100,100,50,50,50,0,0,0,3
"17746",0,0,0,0,0,0,0,50,0,0,0,3
"17748",500,500,500,500,0,250,250,250,250,250,250,2
"17749",0,0,0,0,0,0,0,0,0,0,500,3
"17759",0,0,0,0,0,0,25,0,0,0,29,3
"17772",0,0,0,0,0,0,0,0,0,250,0,3
"17774",0,0,0,0,0,0,0,0,25,0,0,3
"17793",0,0,0,0,0,3,0,0,0,0,0,3
"17795",0,0,0,0,0,25,0,0,0,0,0,3
"17796",0,0,0,0,0,0,0,0,0,20,0,3
"17844",0,0,0,0,0,50,0,0,0,0,0,3
"17868",0,0,0,0,0,1,0,0,0,0,0,3
"17880",0,0,0,50,25,0,0,0,0,0,0,3
"17881",25,50,0,0,0,0,0,0,0,0,0,3
"17903",0,0,0,0,0,0,50,0,100,100,100,3
"17930",0,0,0,0,0,0,0,50,0,0,0,3
"17966",100,200,0,0,0,0,0,100,100,100,100,3
"17974",0,0,0,0,0,4,0,0,0,0,0,3
"18025",0,0,0,0,0,0,0,3,0,0,0,3
"18064",0,0,0,0,0,0,50,0,0,0,0,3
"18082",0,0,0,0,0,0,0,0,0,0,50,3
"18083",60,0,0,75,100,120,0,0,0,0,0,3
"18118",0,0,0,0,0,0,100,0,500,0,500,3
"18159",0,0,0,0,0,0,39,57,25,100,0,3
"18255",0,0,0,0,50,50,50,50,50,50,50,3
"18371",0,0,0,0,0,2,0,0,0,0,0,3
"18372",0,0,0,0,0,4,0,0,0,0,0,3
"18378",0,0,0,0,0,2,0,0,0,0,0,3
"18390",0,0,0,0,0,2,0,0,0,0,0,3
"18391",0,0,0,0,0,2,0,0,0,0,0,3
"18414",0,0,0,0,0,2,0,0,0,0,0,3
"18417",0,0,0,0,0,0,0,0,0,100,0,3
"18439",0,0,0,0,0,3,0,0,0,0,0,3
"18442",0,0,0,0,0,3,0,0,0,0,0,3
"18444",0,0,0,0,0,4,0,0,0,0,0,3
"18472",0,0,0,0,0,0,0,0,0,50,0,3
"18482",0,0,0,0,0,4,0,0,0,0,0,3
"18499",0,50,0,0,0,25,0,0,0,0,0,3
"18506",75,75,60,120,120,120,0,120,75,0,40,3
"18511",0,0,0,0,0,50,25,25,25,25,10,3
"18532",0,0,0,0,0,0,25,100,0,0,75,3
"18535",0,0,0,0,0,1,0,0,0,0,0,3
"18562",0,0,0,0,0,1,0,0,0,0,0,3
"18564",0,0,0,0,0,2,0,0,0,0,0,3
"18607",0,0,0,0,0,0,1,0,0,0,0,3
"18611",0,0,0,0,0,1,0,0,0,0,0,3
"18612",0,0,0,0,0,0,0,250,0,0,0,3
"18624",0,0,0,0,0,0,0,0,0,0,1400,3
"18635",0,0,0,0,0,0,0,25,0,0,0,3
"18637",0,0,0,0,0,0,100,0,0,0,0,3
"18670",250,250,250,250,100,100,25,50,25,0,0,2
"18672",0,0,0,0,0,1,0,0,0,0,0,3
"18704",0,0,0,0,0,3,0,0,0,0,0,3
"18757",0,0,0,0,0,0,50,0,0,0,0,3
"18766",0,250,0,100,100,100,150,0,0,0,0,3
"18771",0,0,0,0,0,3,0,0,0,0,0,3
"18791",100,100,100,100,100,0,0,0,0,0,0,3
"18802",0,0,0,0,0,0,25,100,0,30,30,3
"19026",0,0,0,0,0,0,0,0,0,0,250,3
"19065",0,0,0,0,0,0,50,100,0,0,0,3
"19128",0,0,0,0,0,0,0,0,100,0,0,3
"19133",0,0,0,0,0,0,0,0,0,0,165,3
"19148",0,0,0,0,0,0,100,0,0,0,0,3
"19252",0,0,0,0,0,0,0,0,0,30,0,3
"19382",0,0,0,0,0,0,0,25,0,0,0,3
"19410",0,0,0,0,0,0,0,0,0,0,25,3
"19436",0,0,0,0,0,0,50,100,0,0,75,3
"19465",0,0,0,0,0,0,0,500,500,500,500,1
"19493",0,0,0,0,0,0,0,50,50,0,0,3
"19543",0,0,0,0,0,0,0,50,0,0,0,3
"19559",0,0,0,0,0,0,15,0,0,0,0,3
"19572",0,0,0,0,0,0,25,0,75,0,0,3
"19599",0,0,0,0,0,0,0,0,0,0,0,3
"19623",0,0,0,0,0,0,50,50,50,50,50,3
"19674",0,0,0,0,0,0,50,50,0,0,0,3
"19824",0,0,0,0,0,0,20,0,0,0,0,3
"19857",0,0,0,0,0,15,13,0,0,0,0,3
"19978",0,0,0,0,0,0,0,5,0,0,0,3
"20039",0,0,0,0,0,0,0,0,100,0,0,3
"20049",0,0,0,0,0,0,100,0,0,0,0,3
"20077",100,0,250,100,0,250,0,250,0,0,0,3
"20101",0,0,0,0,0,4,0,0,0,0,0,3
"20104",0,0,0,0,0,0,0,0,20,0,0,3
"20125",0,0,0,0,0,0,100,0,0,0,0,3
"20130",0,0,0,0,0,0,0,0,100,75,100,3
"20137",0,0,0,0,0,0,0,0,100,0,0,3
"20149",0,0,0,0,0,0,0,0,0,75,0,3
"20216",0,0,0,0,0,0,0,0,0,5,0,3
"20224",0,0,0,0,0,0,50,25,100,0,0,3
"20392",0,0,0,0,0,0,0,16,0,0,0,3
"20413",0,0,0,0,0,0,0,50,100,100,100,3
"20417",0,0,0,0,0,0,0,0,75,100,50,3
"20441",0,0,0,0,0,0,0,0,25,0,0,3
"20447",0,0,0,0,0,0,0,0,0,0,165,3
"20464",0,0,0,0,0,0,0,0,0,0,50,3
"20499",0,0,0,0,0,0,0,0,0,5,0,3
"20540",0,0,0,0,0,0,0,0,0,0,500,3
"20575",0,0,0,0,0,0,20,100,0,0,0,3
"20596",0,0,0,0,0,0,0,0,100,0,0,3
"20610",0,0,0,0,0,0,0,0,25,30,0,3
"20664",0,0,0,0,0,0,0,250,250,250,250,3
"20691",0,0,0,0,0,0,50,0,0,0,0,3
"20706",0,0,0,0,0,0,0,50,0,0,0,3
"20739",0,0,0,0,0,0,0,0,75,0,0,3
"20761",0,0,0,0,0,0,0,0,0,0,0,3
"20764",0,0,0,0,0,0,0,50,0,0,0,3
"20773",40,0,0,0,0,0,0,0,0,0,0,3
"20791",0,0,0,0,0,0,0,50,0,0,0,3
"20803",0,0,0,0,0,0,0,100,0,0,0,3
"20869",113,150,140,131,120,199,275,75,25,275,280,2
"20918",0,0,0,0,0,0,0,0,0,75,0,3
"20931",0,0,0,0,0,0,0,50,75,50,50,3
"20961",0,0,0,0,0,0,0,31,0,0,0,3
"21019",0,0,0,0,60,70,60,75,0,0,65,3
"21183",0,0,0,0,0,0,0,100,100,0,0,3
"21255",0,0,0,0,0,0,25,0,0,0,50,3
"21284",0,0,0,0,0,0,0,0,25,100,0,3
"21328",0,0,0,0,0,0,25,0,0,0,0,3
"21383",0,0,0,0,0,0,0,0,0,0,250,3
"21395",0,0,0,0,0,0,0,0,0,0,165,3
"21423",0,0,0,0,0,0,100,0,200,100,100,3
"21433",0,0,0,0,0,0,0,0,0,0,0,3
"21478",0,0,0,0,0,0,100,0,0,0,0,3
"21482",0,0,0,0,5,0,50,100,0,0,0,3
"21509",0,0,0,250,250,0,0,0,0,0,0,3
"21511",0,0,50,75,100,125,150,150,200,200,200,3
"21512",0,0,0,0,0,0,1000,0,500,1000,0,1
"21516",0,0,0,0,0,0,0,50,0,100,350,3
"21521",0,0,0,0,0,0,100,0,0,0,0,3
"21522",50,100,100,0,0,0,0,0,0,0,0,3
"21529",0,0,0,0,0,0,0,0,0,0,100,3
"21571",0,0,0,0,10,15,15,25,25,30,40,3
"21578",0,0,0,0,0,0,0,5,0,0,0,3
"21634",0,0,0,0,0,0,0,0,25,30,50,3
"21661",0,0,0,0,0,0,0,20,0,0,0,3
"21671",0,0,0,0,0,0,0,0,0,30,0,3
"21733",0,0,0,0,0,0,0,0,50,100,100,3
"21750",0,0,0,0,0,0,0,100,100,0,600,3
"21767",0,0,0,0,0,0,0,0,0,0,44,3
"21773",0,0,0,0,0,0,0,0,0,0,0,3
"21830",0,0,0,0,0,0,0,0,0,0,1500,3
"21831",0,0,0,0,0,0,0,0,0,0,250,3
"21843",0,0,0,0,0,0,0,0,0,0,100,3
"21882",0,0,0,15,0,0,0,0,0,0,0,3
"21890",0,0,0,0,0,0,0,20,0,0,0,3
"21914",0,0,0,0,0,0,0,0,25,30,30,3
"21930",0,0,0,0,0,0,0,0,100,100,100,3
"21950",0,0,0,0,0,0,0,0,25,33,43,3
"21973",0,0,0,0,0,0,0,0,0,0,0,3
"22019",0,0,0,0,0,0,0,0,0,75,100,3
"22075",0,0,0,0,0,0,0,0,0,0,0,3
"22181",0,0,0,0,0,0,0,0,0,0,0,3
"22188",0,0,0,0,0,0,0,0,0,50,0,3
"22245",0,0,0,0,0,3,0,0,0,0,0,3
"22265",0,0,0,0,0,0,0,0,0,50,0,3
"22305",0,0,0,0,0,0,0,0,0,0,0,3
"22350",0,0,0,0,0,0,0,0,1250,1600,350,1
"22363",0,0,0,0,0,0,0,0,0,0,515,3
"22415",0,0,0,0,0,0,0,0,0,0,0,3
"22431",0,0,0,0,0,0,0,0,25,0,0,3
"22470",0,0,0,0,0,0,0,0,0,0,0,3
"22499",0,0,0,0,0,0,0,0,0,0,0,3
"22547",0,0,0,0,0,0,0,0,25,0,0,3
"22580",0,0,0,0,0,0,0,0,0,0,0,3
"22641",0,0,0,0,0,0,0,0,0,0,25,3
"22678",0,0,0,0,0,1,0,0,0,0,0,3
"22722",0,0,0,0,0,0,0,0,0,0,350,3
"22847",0,0,0,0,0,0,0,0,0,0,0,3
"22878",0,0,0,0,0,0,0,0,0,0,0,3
"22909",0,0,0,0,0,0,0,0,0,50,175,3
"22910",0,0,0,0,0,0,0,464.16,1233.74,750,0,1
"23000",0,0,0,0,0,0,0,0,0,80,100,3
"23023",0,0,0,0,0,0,0,0,0,0,0,3
"23070",0,0,0,0,0,0,0,0,0,0,25,3
"23152",50,50,0,0,50,0,0,0,100,100,0,3
"23155",0,0,0,0,0,0,0,0,0,50,75,3
"23185",0,0,0,0,0,0,0,0,25,0,30,3
"23285",0,0,0,0,0,0,0,0,0,0,0,3
"23334",0,0,0,0,0,0,0,0,0,45,49,3
"23380",0,0,0,0,0,0,0,0,0,0,250,3
"23432",0,0,0,0,0,0,0,100,0,0,0,3
"23438",0,0,0,0,0,0,0,0,500,0,0,3
"23503",0,0,25,0,0,0,0,0,0,0,0,3
"23535",0,0,0,0,0,0,0,0,0,50,50,3
"23550",0,0,0,0,100,100,100,100,250,250,250,3
"23598",0,0,0,0,0,0,0,0,0,0,0,3
"23608",0,0,0,0,0,0,0,0,0,0,2350,1
"23624",0,0,0,0,0,0,0,0,0,100,100,3
"23662",0,0,0,0,0,0,0,0,0,30,30,3
"23702",0,0,0,0,0,0,0,0,0,9,10,3
"23762",0,0,0,0,0,0,0,0,0,0,0,3
"23778",0,0,0,0,0,0,0,0,0,0,0,3
"23781",0,0,0,0,0,0,0,0,0,0,25,3
"23797",0,0,0,0,0,0,0,0,0,0,0,3
"23813",0,0,0,0,0,1,0,0,0,0,0,3
"24033",0,0,0,0,0,0,0,0,0,0,0,3
"24102",0,0,0,0,0,0,0,0,0,0,0,3
"24121",0,0,0,0,0,0,0,0,0,50,0,3
"24149",0,0,0,0,0,0,0,0,0,30,0,3
"24196",0,0,0,0,0,0,0,0,0,0,50,3
"24239",0,0,0,0,0,0,0,0,0,0,25,3
"24322",0,0,0,0,0,0,0,0,100,0,265,3
"24350",0,0,0,0,0,0,0,0,0,25,25,3
"24359",0,0,0,0,0,0,0,0,0,0,25,3
"24395",0,0,0,0,0,0,0,0,0,0,0,3
"24405",0,0,0,0,0,0,0,0,0,0,30,3
"24430",0,0,0,0,0,0,0,0,0,0,75,3
"24438",0,0,0,0,0,0,0,0,0,0,0,3
"24479",0,0,0,0,0,0,0,0,0,0,500,3
"24532",0,0,0,0,0,0,0,0,25,32,0,3
"24547",0,0,0,0,0,0,0,0,0,0,100,3
"24574",0,0,0,0,0,0,0,0,0,140,0,3
"24783",0,0,0,0,0,0,0,0,0,0,25,3
"24810",0,0,0,0,0,0,0,0,0,0,0,3
"24841",0,0,0,0,0,0,0,0,0,0,25,3
"24928",0,0,0,0,0,0,0,100,0,0,0,3
"24952",0,0,0,0,0,0,0,0,0,0,30,3
"24962",0,0,0,0,0,0,0,0,0,0,350,3
"24963",0,0,0,0,0,0,0,0,0,0,0,3
"24999",0,0,0,0,0,0,0,0,0,0,0,3
"25001",0,0,0,0,0,0,0,0,0,0,0,3
"25008",0,0,0,0,0,0,0,0,0,75,0,3
"25016",3,0,0,0,0,0,0,0,0,0,0,3
"25064",0,0,0,0,0,0,0,0,0,0,0,3
"25114",0,0,0,0,0,0,0,0,0,0,0,3
"25117",0,0,0,0,0,0,0,0,0,0,0,3
"25153",0,0,0,0,0,0,0,0,0,0,30,3
"25154",0,0,0,0,0,0,50,50,0,0,0,3
"25163",0,0,0,0,0,0,0,0,0,0,0,3
"25193",0,0,0,0,0,0,0,0,0,0,0,3
"25222",0,0,0,6,0,0,0,0,0,0,0,3
"25223",0,0,0,0,0,0,0,0,0,0,0,3
"25244",0,0,0,0,0,0,0,0,0,0,350,3
"25252",0,0,0,0,0,0,0,0,0,0,350,3
"25270",0,0,0,0,0,0,0,0,0,0,30,3
"25275",0,0,0,0,0,0,0,0,0,50,0,3
"25294",0,0,0,0,0,1,0,0,0,0,0,3
"25353",0,0,0,0,0,0,0,0,0,1800,0,1
"25384",0,0,0,0,0,0,0,0,0,0,0,3
"25478",0,0,0,0,0,0,0,0,0,0,0,3
"25559",0,0,0,0,0,0,0,0,0,250,0,3
"25675",0,0,0,0,0,0,0,0,0,0,0,3
"25760",0,0,0,0,0,0,0,0,0,0,0,3
"25869",0,0,0,0,0,0,0,0,0,0,500,3
"25925",0,0,0,0,0,0,0,0,0,0,100,3
"25951",0,0,0,0,0,0,0,0,0,0,165,3
"26108",0,0,0,0,0,0,0,0,0,500,2000,1
"26149",0,0,0,0,0,0,0,0,0,0,665,3
"26323",0,0,0,0,0,0,0,0,0,0,0,3
"26380",0,0,0,0,0,0,0,0,0,2500,0,1
"26385",0,0,0,0,0,0,0,0,0,0,0,3
"26399",0,0,0,0,0,0,0,0,0,2000,0,1
"26400",0,0,0,0,0,0,0,0,0,0,0,3
"26406",0,0,0,0,0,0,0,0,0,0,525,3
"26461",0,0,0,25,0,0,0,0,0,0,0,3
"26462",0,0,0,0,0,0,0,0,0,0,2,3
"26465",0,0,0,0,0,0,0,0,0,0,50,3
"26496",0,0,0,0,0,0,0,0,0,0,1500,3
"26522",0,0,0,0,0,0,500,500,500,500,750,1
"26525",0,0,0,0,0,0,0,0,0,0,1000,3
"26567",0,0,0,0,0,0,0,0,0,0,1050,3
"26569",0,0,0,0,0,0,0,0,0,0,50,3
"26591",0,0,0,0,0,0,0,0,0,0,100,3
"26596",0,0,0,0,0,0,0,0,0,0,100,3
"26680",0,0,0,0,0,0,0,0,0,0,50,3
"26686",0,0,0,0,0,0,0,0,0,0,100,3
"26699",0,0,0,0,0,0,0,0,0,0,0,3
"26712",0,0,0,0,0,0,0,0,0,0,50,3
"26717",0,0,0,0,0,0,0,0,0,0,300,3
"26726",0,0,0,0,0,0,0,0,0,0,0,3
"26926",0,0,0,0,0,0,0,0,0,0,350,3
"26928",0,0,0,0,0,0,0,0,0,0,100,3
"27003",0,0,0,0,0,0,0,0,0,0,175,3
"27004",0,0,0,0,0,0,0,0,0,0,50,3
"27028",0,0,0,0,0,0,0,0,0,0,0,3
"27127",0,0,0,0,0,0,0,0,0,0,1000,3
"27174",0,0,0,0,0,0,0,0,0,0,0,3
"27179",0,0,0,0,0,0,0,0,0,0,100,3
"27188",0,0,0,0,0,0,0,0,0,0,0,3
"27354",0,0,0,0,0,0,0,0,0,0,0,3
"27359",0,0,0,0,0,0,0,0,0,0,0,3
"27385",0,0,0,0,0,0,0,0,0,0,10,3
"27562",0,0,0,0,0,0,0,0,0,0,50,3
"27850",0,0,0,0,0,0,0,0,0,0,250,3
"27851",0,0,0,0,0,0,0,0,0,0,500,3
"27854",0,0,0,0,0,0,0,0,0,0,250,3
"27919",0,0,0,0,0,0,0,0,0,0,3,3
"28078",0,0,0,0,0,0,0,0,0,0,0,3
"28103",0,0,0,0,0,0,0,0,0,0,0,3
"28140",0,0,0,0,0,0,0,0,0,0,0,3
"28152",0,0,0,0,0,0,0,0,0,0,0,3
"28199",0,0,0,0,0,0,0,0,0,0,0,3
"28202",0,0,0,0,0,0,0,0,0,0,0,3
"28243",0,0,0,0,0,0,0,0,0,0,0,3
"28374",0,0,0,0,0,0,0,0,0,0,0,3
"28402",0,0,0,0,0,0,0,0,0,0,0,3
"28782",0,0,0,0,0,0,0,0,0,0,0,3
"29045",0,0,0,0,0,0,0,0,0,0,0,3
"29065",0,0,0,0,0,0,0,0,0,0,0,3
"29411",0,0,0,0,0,0,0,0,0,0,0,3
"29475",0,0,0,0,0,0,0,0,0,0,0,3
"29540",0,0,0,0,0,0,0,0,0,0,0,3
"29541",0,0,0,0,0,0,0,0,0,0,0,3
"29586",0,0,0,0,0,0,0,0,0,0,0,3
"29732",0,0,0,0,0,0,0,0,0,0,0,3
"30017",0,0,0,0,0,0,0,0,0,0,0,3
